Game,Watch time,Stream time,Peak viewers,Peak channels,Streamers,Average viewers,Average channels,Average viewer ratio,Followers gained,Views gained
Fortnite,81482934840,4774106760,1460297,34564,4058092,155046,9084,17.07,0,0
League of Legends,59122841100,1114259940,1147825,4981,768957,112499,2120,53.06,0,0
Dota 2,28344889140,308675820,749471,1473,185617,53934,587,91.83,0,0
PLAYERUNKNOWN'S BATTLEGROUNDS,27249424560,1058021220,579861,6473,855370,51850,2013,25.76,0,0
Counter-Strike: Global Offensive,24106519440,521227980,1298358,3173,680351,45869,991,46.25,0,0
Hearthstone,21456686700,139346400,309090,2277,172671,40827,265,153.98,0,0
IRL,20782208160,297429540,264068,1664,500692,39544,565,69.87,0,0
Overwatch,18107483340,677873280,461851,3111,707558,34455,1289,26.71,0,0
World of Warcraft,15614097300,543406140,590245,15619,286541,29710,1033,28.73,0,0
Grand Theft Auto V,8833455060,245565480,82575,1572,388547,16808,467,35.97,0,0
Just Chatting,8478230820,101970780,227149,1847,198250,16132,194,83.14,0,0
Call of Duty: Black Ops 4,8335284180,281224980,586545,13323,572714,15860,535,29.64,0,0
Tom Clancy's Rainbow Six: Siege,6929861340,463437720,253151,2490,677147,13186,881,14.95,0,0
Dead by Daylight,5692454940,254263380,146848,1490,239139,10831,483,22.39,0,0
Destiny 2,4211079600,322508760,181929,8097,324038,8012,613,13.06,0,0
Path of Exile,4143240300,111829080,115737,3008,72945,7883,212,37.05,0,0
Heroes of the Storm,3987519720,97374420,74026,341,83775,7587,185,40.95,0,0
FIFA 19,3754793940,67330620,167405,2400,135361,7144,128,55.77,0,0
StarCraft II,3700249140,48987780,148897,193,40862,7040,93,75.53,0,0
Talk Shows & Podcasts,3673335540,38442240,346483,411,75930,6989,73,95.55,0,0
Music & Performing Arts,3373526640,114776820,50673,387,71462,6419,218,29.39,0,0
Sea of Thieves,3163395720,95442240,261898,4908,132995,6019,181,33.14,0,0
Monster Hunter World,3135335520,141924720,169921,5262,245278,5965,270,22.09,0,0
Magic: The Gathering,3039140280,39907320,54837,420,39545,5782,75,76.15,0,0
Minecraft,3038254860,179567940,65539,877,312658,5781,341,16.92,0,0
Rocket League,2949345420,160065840,173257,684,333152,5612,304,18.43,0,0
Casino,2925845340,9064500,111963,179,5576,5567,17,322.78,0,0
Poker,2853853380,34618200,46473,211,18123,5430,65,82.44,0,0
Escape From Tarkov,2814093060,106930800,58348,692,59356,5354,203,26.32,0,0
Casino_old,2783776680,18862080,56607,120,7371,5296,35,147.59,0,0
Warframe,2634326520,107232420,402554,756,135015,5012,204,24.57,0,0
FIFA 18,2568628500,83343960,143683,1216,179312,4887,158,30.82,0,0
Always On,2323347240,7283340,57919,21,252,4420,13,318.99,0,0
Red Dead Redemption 2,2284465020,110571180,382860,8785,203355,4346,210,20.66,0,0
Creative,2224967100,152823180,55284,660,140544,4233,290,14.56,0,0
World of Tanks,2192850780,86337960,62930,436,59901,4172,164,25.4,0,0
RuneScape,2146878660,57783300,74563,281,45635,4085,109,37.15,0,0
Black Desert Online,2134883100,90164400,19518,392,55409,4062,171,23.68,0,0
Street Fighter V,1751760720,24593700,194902,336,25294,3333,46,71.23,0,0
Old School RuneScape,1670427720,34281180,105265,253,34615,3178,65,48.73,0,0
God of War,1613680860,70211460,292083,5006,128891,3070,133,22.98,0,0
ARK,1584809460,93268980,45885,765,93689,3015,177,16.99,0,0
Rust,1570108800,65883480,44150,412,74274,2987,125,23.83,0,0
Slay the Spire,1548689940,23867700,48164,213,37548,2946,45,64.89,0,0
Realm Royale,1542831840,50516400,195317,2408,121540,2935,96,30.54,0,0
Super Smash Bros. Ultimate,1481466000,20768940,226029,3619,33939,2818,39,71.33,0,0
Call of Duty: WWII,1460401200,57987540,148960,547,265061,2778,110,25.18,0,0
Smite,1460042640,80815560,94811,546,84137,2778,153,18.07,0,0
Warcraft III: The Frozen Throne,1448008500,20691600,39861,98,12707,2755,39,69.98,0,0
E3 2018,1407708900,3931500,1817345,5125,13368,2678,7,358.06,0,0
"Pokemon: Let's Go, Pikachu!/Eevee!",1337964660,16713480,143784,1583,21304,2545,31,80.05,0,0
Dragon Ball FighterZ,1294844880,33508080,241067,1894,77489,2463,63,38.64,0,0
Dark Souls,1242141360,33515640,103455,871,48779,2363,63,37.06,0,0
Lost Ark Online,1223921940,20974080,89384,1573,11971,2328,39,58.35,0,0
Games + Demos,1193652000,18399420,83437,98,31938,2271,35,64.87,0,0
Atlas,1160438280,9058140,318887,2104,14794,2208,17,128.11,0,0
VRChat,1117805760,44555160,47621,285,42874,2126,84,25.09,0,0
Battlefield V,1096354260,37610460,277175,1825,102702,2086,71,29.15,0,0
Tekken 7,1080633480,23992020,178753,204,38572,2056,45,45.04,0,0
Dark Souls III,1041996720,61658460,202405,302,113621,1982,117,16.9,0,0
They Are Billions,1029424020,14151660,96057,386,19727,1958,26,72.74,0,0
Fallout 76,1003438260,45400500,209140,5476,73330,1909,86,22.1,0,0
Lineage II,992016360,30132840,30131,193,11562,1887,57,32.92,0,0
Gwent: The Witcher Card Game,981853980,13878540,46675,181,12974,1868,26,70.75,0,0
Far Cry 5,932290500,38185860,258270,2864,131504,1773,72,24.41,0,0
Marvel's Spider-Man,919486980,45936360,233622,4397,114437,1749,87,20.02,0,0
Detroit: Become Human,912724080,11670780,236767,856,44040,1736,22,78.21,0,0
Assassin's Creed Odyssey,906306720,23675880,105475,1221,49923,1724,45,38.28,0,0
Diablo III: Reaper of Souls,897891840,59721300,21395,1347,83522,1708,113,15.03,0,0
NBA 2K19,865884900,61406820,47830,2267,93690,1647,116,14.1,0,0
Retro,849473280,47397480,29487,171,23552,1616,90,17.92,0,0
Z1 Battle Royale,833176800,48154020,136561,675,82831,1585,91,17.3,0,0
Dungeons & Dragons,831928980,18363480,96446,185,12260,1582,34,45.3,0,0
SCUM,814927080,25467180,217830,2803,43267,1550,48,32,0,0
The Elder Scrolls Online,809222340,42169560,64268,209,48707,1539,80,19.19,0,0
Chess,803588100,8724720,135778,67,7062,1529,16,92.1,0,0
Art,788720640,37879140,29628,478,48353,1500,72,20.82,0,0
FINAL FANTASY XIV Online,783761880,77722020,88767,801,41970,1491,147,10.08,0,0
Subnautica,766035840,31872240,60950,548,64077,1457,60,24.03,0,0
Kingdom Come: Deliverance,764288220,20757840,211281,1561,33362,1454,39,36.82,0,0
Super Smash Bros. Melee,755176080,10263240,179128,66,13015,1436,19,73.58,0,0
DayZ,742672920,25903380,79522,386,31717,1413,49,28.67,0,0
NBA 2K18,715476120,65004540,61960,1591,103808,1361,123,11.01,0,0
The Elder Scrolls: Legends,699138840,8396700,44757,57,5247,1330,15,83.26,0,0
Jurassic World Evolution,666908520,13529100,202465,1717,27334,1268,25,49.29,0,0
Super Mario Maker,658210380,7058940,164695,41,3456,1252,13,93.24,0,0
Bloodborne,654393000,34897860,215882,476,77043,1245,66,18.75,0,0
Tibia,653678760,34242120,6267,172,15043,1243,65,19.09,0,0
Darkest Dungeon,642591900,15397200,34401,242,26632,1222,29,41.73,0,0
Hunt: Showdown,633915300,22724040,135761,308,34524,1206,43,27.9,0,0
osu!,598679400,82418700,24897,333,119469,1139,156,7.26,0,0
Pokémon Ultra Sun/Ultra Moon,591109560,19800060,24443,117,13074,1124,37,29.85,0,0
The Witcher 3: Wild Hunt,586122780,35991900,27995,181,68280,1115,68,16.28,0,0
Terraria,582507420,23244660,34646,100,50593,1108,44,25.06,0,0
The Elder Scrolls V: Skyrim,580487340,48542040,195899,205,88317,1104,92,11.96,0,0
Welcome to the Game II,569563200,2515080,129007,147,8719,1083,4,226.46,0,0
Arma 3,568406460,43668060,24231,286,41540,1081,83,13.02,0,0
Summoners War: Sky Arena,566876100,12274320,42720,72,5592,1078,23,46.18,0,0
No Man's Sky,555284820,25773480,118853,1264,51344,1056,49,21.54,0,0
Conan Exiles,547712580,28764360,89655,712,31878,1042,54,19.04,0,0
Artifact,547156380,7679280,67321,1590,12899,1041,14,71.25,0,0
Ring Of Elysium,546117720,45019140,51585,937,88485,1039,85,12.13,0,0
World of Warships,545052120,31383420,18204,152,26577,1037,59,17.37,0,0
Age of Empires II,544093140,9658200,45645,53,13603,1035,18,56.33,0,0
The Legend of Zelda: Ocarina of Time,543097980,13330980,152961,141,10669,1033,25,40.74,0,0
The Sims 4,520875660,25288140,37270,198,49465,991,48,20.6,0,0
The Binding of Isaac: Afterbirth,517898580,13691940,65789,89,25515,985,26,37.83,0,0
Special Events,517301520,1794600,259808,80,7695,984,3,288.25,0,0
RimWorld,510696000,17441820,21041,134,17999,971,33,29.28,0,0
Paladins,504894900,56241240,43978,247,131811,960,107,8.98,0,0
Super Smash Bros. for Wii U,503431800,11176320,47374,237,9979,957,21,45.04,0,0
For Honor,499294320,35685900,39741,312,78183,950,67,13.99,0,0
ASMR,482926980,5173080,14889,64,4379,918,9,93.35,0,0
The Legend of Zelda: Breath of the Wild,482485320,20019000,191576,125,21631,918,38,24.1,0,0
The Legend of Zelda: A Link to the Past,463984680,19664280,171153,168,10246,882,37,23.6,0,0
Quake Champions,460453260,19370220,46969,234,34487,876,36,23.77,0,0
Clash Royale,457336140,9930060,55232,58,19700,870,18,46.06,0,0
Stardew Valley,448988700,37139940,39063,479,67679,854,70,12.09,0,0
Heroes of Might and Magic III: The Shadow of Death,444517800,5182500,19206,35,3548,845,9,85.77,0,0
The Forest,436996380,28274520,44129,276,74808,831,53,15.46,0,0
Warhammer: Vermintide 2,436838700,22905360,77418,854,43817,831,43,19.07,0,0
A Way Out,433136340,11409300,233484,1587,43794,824,21,37.96,0,0
Fallout 4,432939660,52021260,20372,290,95577,823,98,8.32,0,0
Battlerite Royale,432840360,7499940,40300,392,14031,823,14,57.71,0,0
Tom Clancy's The Division,427056420,56855340,27767,449,71904,812,108,7.51,0,0
7 Days to Die,413861580,38745360,25079,293,41915,787,73,10.68,0,0
Euro Truck Simulator 2,409676040,41076900,39012,347,54166,779,78,9.97,0,0
StarCraft,401967240,8080920,57296,45,7682,764,15,49.74,0,0
Shadowverse,394522620,12909180,19780,86,7916,750,24,30.56,0,0
Madden NFL 19,394269960,48538080,28141,1560,65643,750,92,8.12,0,0
TrackMania² Stadium,384619560,3301620,101619,121,5502,731,6,116.49,0,0
Call of Duty: Black Ops III,384056880,77770140,22838,542,241925,730,147,4.94,0,0
Enter the Gungeon,381088200,10894140,139787,205,29316,725,20,34.98,0,0
Doctor Who,372939840,114900,22462,5,48,709,0,3245.78,0,0
MapleStory,369017640,20372700,21223,135,15306,702,38,18.11,0,0
Super Mario Odyssey,362462400,9200160,167091,87,13306,689,17,39.4,0,0
Darwin Project,360465180,18884040,200629,354,44527,685,35,19.09,0,0
Total War: Warhammer II,350068500,9160200,18817,146,10001,666,17,38.22,0,0
Garry's Mod,348936060,14409960,93660,103,49917,663,27,24.21,0,0
Diablo II: Lord of Destruction,331576680,10189500,72041,97,8308,630,19,32.54,0,0
Graveyard Keeper,326145180,6277200,48576,248,9888,620,11,51.96,0,0
Star Citizen,324997500,11306520,50710,193,11191,618,21,28.74,0,0
Guild Wars 2,324473700,25176120,27208,207,22667,617,47,12.89,0,0
Frostpunk,323038200,7090500,58338,689,17576,614,13,45.56,0,0
Arena of Valor,320884080,7066680,34469,45,9722,610,13,45.41,0,0
Battlefield 1,320460420,51840180,234047,316,131774,609,98,6.18,0,0
Borderlands 2,318597900,22210620,22096,220,48325,606,42,14.34,0,0
Super Mario 64,317814540,10235220,157501,53,11041,604,19,31.05,0,0
Soulcalibur VI,311625480,5836800,35806,555,11883,592,11,53.39,0,0
Dead Cells,308125680,11701200,42483,342,34491,586,22,26.33,0,0
Gears of War 4,305997360,19930800,47320,125,26979,582,37,15.35,0,0
Twitch Plays,298578720,13035480,25870,67,4059,568,24,22.91,0,0
Mario Kart 8,294894720,9241680,36035,59,18611,561,17,31.91,0,0
Slots,293312880,2387640,43992,172,1528,558,4,122.85,0,0
Raft,284652900,8520840,136594,415,26668,541,16,33.41,0,0
MapleStory 2,277699320,17147880,34595,812,30237,528,32,16.19,0,0
Marbles On Stream,275291220,6573000,36805,111,10951,523,12,41.88,0,0
Splatoon 2,272763360,22594560,171642,355,15540,519,42,12.07,0,0
Dungeons & Dragons,270138240,6112620,40261,184,6138,514,11,44.19,0,0
Super Mario World,265749120,5685000,201386,46,8934,505,10,46.75,0,0
PUBG MOBILE,264587280,46489380,59855,271,76547,503,88,5.69,0,0
Mario Tennis Aces,259002480,2643360,56535,348,6826,492,5,97.98,0,0
Shadow of the Tomb Raider,247800360,13179600,83572,1241,28739,471,25,18.8,0,0
The Last of Us,247090560,15127800,37803,121,24882,470,28,16.33,0,0
Blade and Soul,246494820,21917220,10878,112,13272,469,41,11.25,0,0
State of Decay 2,244852800,14836680,84104,1197,38441,465,28,16.5,0,0
Europa Universalis IV,242873880,7671780,9920,54,6601,462,14,31.66,0,0
Halo 5: Guardians,242120040,20575140,128338,124,30283,460,39,11.77,0,0
Radical Heights,234201240,6471180,196312,1138,26135,445,12,36.19,0,0
Persona 5,232237140,9347700,16655,54,13369,441,17,24.84,0,0
Fate/Grand Order,230449380,7297320,19501,123,5064,438,13,31.58,0,0
Eternal,229261200,3679380,12567,34,2907,436,7,62.31,0,0
Food & Drink,227064240,2755560,34063,81,10583,432,5,82.4,0,0
Cities: Skylines,226156920,11041860,24305,96,26349,430,21,20.48,0,0
Oxygen Not Included,225975420,8953200,9837,55,11144,429,17,25.24,0,0
ROBLOX,225291660,38799360,47446,197,111808,428,73,5.81,0,0
Yakuza 0,224840580,7190820,20115,203,11189,427,13,31.27,0,0
Bless Online,224677560,7468560,203056,1457,9192,427,14,30.08,0,0
Yu-Gi-Oh! Duel Links,218871000,7442520,8038,52,11595,416,14,29.41,0,0
Islands of Nyne: Battle Royale,218846220,7080660,98062,790,16756,416,13,30.91,0,0
Grand Theft Auto: San Andreas,218820600,8929860,17582,49,23420,416,16,24.5,0,0
EVE Online,217073880,8764080,19345,51,6594,413,16,24.77,0,0
Hitman 2,216159600,2666520,78744,265,10344,411,5,81.06,0,0
Shadow of the Colossus,215410320,4528560,69742,521,18098,409,8,47.57,0,0
Infestation: The New Z,214666560,8529780,7426,51,6777,408,16,25.17,0,0
Football Manager 2018,213605520,6392820,11720,64,5308,406,12,33.41,0,0
I Wanna Be The Boshy,212689500,699960,156709,19,2425,404,1,303.86,0,0
Don't Starve Together,211228020,14035860,21872,107,31356,401,26,15.05,0,0
Friday the 13th: The Game,209872500,20714820,51236,406,64803,399,39,10.13,0,0
Hollow Knight,207564180,15733860,177178,146,29103,394,29,13.19,0,0
Kingdom Hearts HD I.5 + II.5 Remix,206769060,15162300,17436,154,14916,393,28,13.64,0,0
Resident Evil 7 biohazard,206698800,12231420,156910,172,39289,393,23,16.9,0,0
Pathfinder: Kingmaker,206061480,2661240,34102,168,2874,392,5,77.43,0,0
Travel & Outdoors,205109640,9940920,47206,211,66118,390,18,20.63,0,0
Battlerite,200910720,15223020,29792,128,35680,382,28,13.2,0,0
Dauntless,200648760,18335100,40962,907,38164,381,34,10.94,0,0
Farming Simulator 19,200210100,9107340,44919,783,12756,380,17,21.98,0,0
M.U.G.E.N,199577880,1432560,1640,8,578,379,2,139.32,0,0
Russian Fishing 4,193403340,11660460,13016,78,5132,368,22,16.59,0,0
Two Point Hospital,193033260,4144740,46234,578,10317,367,7,46.57,0,0
Deceit,191413020,10203660,41320,107,39137,364,19,18.76,0,0
Dark Souls II: Scholar of the First Sin,190845480,13030740,17352,67,21492,363,24,14.65,0,0
Vampyr,188314680,7540380,114271,1223,17393,358,14,24.97,0,0
Madden NFL 18,187962420,43362420,24148,582,60947,357,82,4.33,0,0
Doki Doki Literature Club,184188000,7104660,28595,129,26333,350,13,25.92,0,0
Dungreed,183975300,1952160,34086,90,5070,350,3,94.24,0,0
Team Fortress 2,182083680,16925340,78576,97,31308,346,32,10.76,0,0
Celeste,181003200,6360180,125995,98,12261,344,12,28.46,0,0
Kerbal Space Program,177067140,6683880,11100,53,11660,336,12,26.49,0,0
Dragon Quest XI,176274420,7360020,23595,456,7802,335,14,23.95,0,0
Forza Horizon 4,174489420,13392180,36376,654,40966,332,25,13.03,0,0
XCOM 2: War of the Chosen,171841020,5280960,10942,62,5522,326,10,32.54,0,0
Knight Online,171409800,4394580,7878,48,2841,326,8,39,0,0
We Happy Few,170809980,4039920,46964,306,10650,325,7,42.28,0,0
Wrestling,169738320,3032820,40440,37,710,322,5,55.97,0,0
Beat Saber,167477880,10962660,36416,115,27168,318,20,15.28,0,0
House Flipper,167355540,4636860,33266,147,14359,318,8,36.09,0,0
Wizard of Legend,166772820,3277140,63341,175,12022,317,6,50.89,0,0
Fallout: New Vegas,165647700,10541700,20236,76,22949,315,20,15.71,0,0
Final Fantasy VII,165437100,6349260,11176,33,8982,314,12,26.06,0,0
Divinity: Original Sin II,164872620,12842460,16627,95,20556,313,24,12.84,0,0
Golfing Over It with Alva Majo,163895280,814800,69792,103,4565,311,1,201.15,0,0
Resident Evil 4,163727700,8233320,156647,53,17856,311,15,19.89,0,0
Hearts of Iron IV,163245000,6374160,24555,59,10054,310,12,25.61,0,0
Golf It!,162905880,2246400,75831,26,12504,309,4,72.52,0,0
Sid Meier's Civilization V,159615060,7240980,38690,47,16533,303,13,22.04,0,0
Microsoft Flight Simulator X,158179740,12081060,7589,90,5665,300,22,13.09,0,0
Dofus,158147160,6611520,9876,65,6071,300,12,23.92,0,0
Tricky Towers,157970580,779280,50707,17,5039,300,1,202.71,0,0
iRacing.com,157200960,12605100,6547,224,6344,299,23,12.47,0,0
The Game Awards,157174200,462780,819968,2126,2586,299,0,339.63,0,0
Sports & Fitness,157007880,774300,160132,52,2973,298,1,202.77,0,0
Getting Over It,155949780,5461740,46537,110,28662,296,10,28.55,0,0
Left 4 Dead 2,154902060,13719360,145489,148,49519,294,26,11.29,0,0
The Joy Of Sex,152307600,180060,47693,23,807,289,0,845.87,0,0
Factorio,151570860,12383280,7629,62,15443,288,23,12.24,0,0
Metin 2,151178280,8468040,14880,67,7908,287,16,17.85,0,0
Dying Light,151114560,14237400,134887,122,48429,287,27,10.61,0,0
Darksiders III,150395700,3147360,77310,580,7316,286,5,47.78,0,0
Halo: The Master Chief Collection,149015940,12975960,12426,135,22193,283,24,11.48,0,0
MLB The Show 18,147922740,6251700,9428,199,15295,281,11,23.66,0,0
Octopath Traveler,147176940,5296260,41085,360,6405,280,10,27.79,0,0
Farming Simulator 17,145320840,18896880,140946,122,19542,276,35,7.69,0,0
Human: Fall Flat,144209580,5022600,61698,84,36147,274,9,28.71,0,0
Last Year: The Nightmare,143719500,1560300,91727,242,4046,273,2,92.11,0,0
The Jackbox Party Pack 3,142209540,6484320,29680,89,20916,270,12,21.93,0,0
FIFA Online 4,141541020,2182740,29315,51,3528,269,4,64.85,0,0
Elite: Dangerous,141355800,17313000,11021,145,18697,268,32,8.16,0,0
Heroes of Newerth,140296560,5473560,4593,31,3955,266,10,25.63,0,0
Mount & Blade: Warband,140025060,4453140,22992,28,10862,266,8,31.44,0,0
Mega Man 11,139895820,2101500,30938,333,6490,266,3,66.57,0,0
Crypto,139622280,6909300,5132,34,969,265,13,20.21,0,0
The Legend of Zelda: Majora's Mask,139320000,2914860,8991,25,3378,265,5,47.8,0,0
BattleTech,139039200,4990560,26795,504,5662,264,9,27.86,0,0
Stellaris,138637020,7853160,6659,166,11484,263,14,17.65,0,0
Wreckfest,138517920,3183240,79719,73,7499,263,6,43.51,0,0
Throne of Lies: The Online Game of Deceit,137075760,1552320,35694,19,1701,260,2,88.3,0,0
Just Dance 2018,136630560,1112100,16320,16,2619,259,2,122.86,0,0
Overcooked! 2,136205760,3034500,56366,237,13560,259,5,44.89,0,0
Science & Technology,135393840,7966380,25747,161,11356,257,15,17,0,0
Final Fantasy XV,134741460,18503640,16369,692,37860,256,35,7.28,0,0
EA Sports UFC 3,133819560,2339160,145154,77,18108,254,4,57.21,0,0
Kartrider,133362060,3353520,16998,50,4775,253,6,39.77,0,0
War Thunder,133267500,21452940,7213,107,32698,253,40,6.21,0,0
Spyro Reignited Trilogy,133129680,8943840,58334,1346,22182,253,17,14.89,0,0
The Crew 2,132563760,7093020,37298,510,27167,252,13,18.69,0,0
FTL: Faster Than Light,130184940,2705700,13792,20,8025,247,5,48.12,0,0
My Summer Car,130056660,2328780,14030,19,4763,247,4,55.85,0,0
Surviving Mars,128874300,3331080,36527,451,6512,245,6,38.69,0,0
Overkill's The Walking Dead,128808300,3274980,88925,465,7394,245,6,39.33,0,0
Dark Souls II,128687700,3277020,24394,35,7428,244,6,39.27,0,0
Guitar Hero III: Legends of Rock,127683180,7664100,10947,50,13708,242,14,16.66,0,0
Pillars of Eternity II: Deadfire,126815160,2359080,23893,275,3182,241,4,53.76,0,0
Sid Meier's Civilization VI,126637620,5632140,16801,100,14004,240,10,22.48,0,0
NieR Automata,125695200,9031920,24018,73,30163,239,17,13.92,0,0
SOS,125348700,3693360,146313,200,6318,238,7,33.94,0,0
Yakuza Kiwami 2,124490220,1889640,23998,114,2456,236,3,65.88,0,0
Super Metroid,121765560,4397100,139222,35,3773,231,8,27.69,0,0
Cuphead,121617720,8540460,179901,87,38939,231,16,14.24,0,0
Super Seducer,121547820,727740,45059,49,3526,231,1,167.02,0,0
Football Manager 2019,120340440,2812800,18174,89,2766,228,5,42.78,0,0
Thief Simulator,119622840,862980,88793,77,4042,227,1,138.62,0,0
Nioh,119448180,10855920,25732,88,17438,227,20,11,0,0
Just Cause 4,117724620,1576980,57916,279,5866,224,3,74.65,0,0
Tabletop Simulator,116967120,3884940,29866,39,13738,222,7,30.11,0,0
Outlast,116164080,8341680,34302,257,45628,221,15,13.93,0,0
Thronebreaker: The Witcher Tales,114779820,1296480,121697,223,2543,218,2,88.53,0,0
Puyo Puyo Tetris,114393900,3159720,27496,58,5256,217,6,36.2,0,0
Visage,113716320,1359780,35637,149,8126,216,2,83.63,0,0
Social Eating,113470620,1130100,28093,14,9334,215,2,100.41,0,0
The Long Dark,113317380,6902880,17582,68,14797,215,13,16.42,0,0
Super Mario Party,113312760,1390020,52103,319,5513,215,2,81.52,0,0
Company of Heroes 2,112488480,5447820,7590,37,5932,214,10,20.65,0,0
Tera,111231540,19171260,5927,285,35298,211,36,5.8,0,0
The Elder Scrolls IV: Oblivion,108884760,3597120,19294,26,6799,207,6,30.27,0,0
Brawlhalla,108574260,16138260,39215,101,66775,206,30,6.73,0,0
Undertale,107934600,6653580,130583,233,23068,205,12,16.22,0,0
Ragnarok Online,107537580,8494200,4152,91,5241,204,16,12.66,0,0
God of War III,106607940,1326480,35215,65,16080,202,2,80.37,0,0
Barbie and the Magic of Pegasus,105403800,155040,40036,10,663,200,0,679.85,0,0
BlazBlue Cross Tag Battle,105128340,4499400,38149,194,7895,200,8,23.36,0,0
Friends Marble,105030660,351840,40295,23,696,199,0,298.52,0,0
Until Dawn,103125240,2005380,25705,78,13052,196,3,51.42,0,0
American Truck Simulator,102800100,9855900,11323,140,15818,195,18,10.43,0,0
FIFA 17,102483960,2274360,7186,23,11571,195,4,45.06,0,0
Portal 2,102404700,6673800,19078,63,31114,194,12,15.34,0,0
Red Dead Redemption,101959080,2923680,25393,63,6493,194,5,34.87,0,0
Crash Bandicoot: N. Sane Trilogy,100391880,5263260,154636,290,29228,191,10,19.07,0,0
Prime World,99817440,4638060,968,28,1211,189,8,21.52,0,0
Ni no Kuni II: Revenant Kingdom,99725580,6735840,30369,528,14718,189,12,14.81,0,0
Battlefield 4,99699840,21912540,51956,119,70412,189,41,4.55,0,0
SpyParty,99635160,593880,79292,45,2083,189,1,167.77,0,0
Hokuto ga Gotoku,98335980,553560,50661,103,642,187,1,177.64,0,0
PixARK,98017440,3179280,37396,181,5047,186,6,30.83,0,0
The Jackbox Party Pack 4,97982160,4832220,41342,89,13525,186,9,20.28,0,0
Final Fantasy XI Online,97896780,4807680,84113,42,2101,186,9,20.36,0,0
Creative Destruction,97889340,9684480,78972,129,24933,186,18,10.11,0,0
MechWarrior Online,96066540,6538500,1741,57,3725,182,12,14.69,0,0
Injustice 2,96039420,4514820,22208,78,15571,182,8,21.27,0,0
Super Mario Bros. 3,95983500,1564500,163396,31,4007,182,2,61.35,0,0
Golf With Your Friends,95917440,6109200,46427,62,32791,182,11,15.7,0,0
One Hour One Life,95864940,882360,38148,33,1471,182,1,108.65,0,0
Alien: Isolation,95717940,6403920,8447,137,18822,182,12,14.95,0,0
Doom,95638020,9987480,146417,105,40248,181,19,9.58,0,0
Post Scriptum: The Bloody Seventh,95490540,2109360,43662,143,4312,181,4,45.27,0,0
Ragnarok M: Eternal Love,94539840,1560000,6722,56,1602,179,2,60.6,0,0
Super Mario Sunshine,94248240,2474760,149675,22,4188,179,4,38.08,0,0
Boxing Fight,93851340,74820,1097362,302,811,178,0,1254.36,0,0
Star Wars Battlefront II,93286920,11560080,6284,107,53396,177,21,8.07,0,0
Pillars of Eternity,93268620,2189820,16860,32,3868,177,4,42.59,0,0
Super Seducer 2,93237360,521400,30155,38,2085,177,0,178.82,0,0
E3,92072820,237120,566191,1547,2079,175,0,388.3,0,0
Guilty Gear Xrd REV 2,91480980,1677660,106301,16,3338,174,3,54.53,0,0
Astroneer,91364280,4419900,28867,61,11819,173,8,20.67,0,0
Assassin's Creed Origins,91219080,12902040,9910,146,51845,173,24,7.07,0,0
Resident Evil 2 (1998),90971700,2534880,56525,31,3619,173,4,35.89,0,0
Call of Cthulhu - The Video Game,90883920,2180580,64344,538,5953,172,4,41.68,0,0
Vainglory,90658320,4761900,11975,31,4453,172,9,19.04,0,0
Life Is Strange,90577080,6994980,14919,56,21409,172,13,12.95,0,0
Final Fantasy VI,90386040,2398560,151839,22,2545,171,4,37.68,0,0
Into the Breach,90327780,2058900,39128,220,6207,171,3,43.87,0,0
Demon's Souls,90014100,1056840,11655,28,1308,171,2,85.17,0,0
Hand Simulator,88446600,1339140,61470,47,12798,168,2,66.05,0,0
The Jackbox Party Pack 5,87975000,2480280,34796,194,7900,167,4,35.47,0,0
Girls Frontline,87282540,4861200,2448,68,2676,166,9,17.95,0,0
Planet Coaster,87116340,3884400,9554,41,10160,165,7,22.43,0,0
Spelunky,87060060,1623660,108270,17,4505,165,3,53.62,0,0
Dungeon Fighter Online,86973780,6053160,20714,50,3876,165,11,14.37,0,0
Board Games,85447800,1579260,20436,40,2165,162,3,54.11,0,0
Rend,85113660,1745880,28877,204,2694,161,3,48.75,0,0
Moonlighter,84858000,2782440,30600,273,8271,161,5,30.5,0,0
Horizon Zero Dawn,84452040,14092380,19249,102,31619,160,26,5.99,0,0
theHunter: Call of the Wild,83732160,6893880,27600,52,16766,159,13,12.15,0,0
Mutant Year Zero: Road to Eden,82748280,1351200,43432,196,3199,157,2,61.24,0,0
Battalion 1944,81727500,4343820,72120,744,11664,155,8,18.81,0,0
Pummel Party,81474480,620100,29664,27,3424,155,1,131.39,0,0
The Legend of Zelda: The Wind Waker HD,81344820,1500480,155299,16,2059,154,2,54.21,0,0
SCP: Secret Laboratory,80885640,3682980,44669,43,13251,153,7,21.96,0,0
Mega Man X,78507900,1545780,147745,52,4021,149,2,50.79,0,0
Uno,77952720,1740600,38075,46,15636,148,3,44.78,0,0
Mortal Kombat X,76960320,5942040,12644,53,27159,146,11,12.95,0,0
Prey,76298940,5247780,130067,65,13194,145,9,14.54,0,0
The Conjuring House,76086300,987660,34357,54,2688,144,1,77.04,0,0
Black Squad,75148980,11408880,33613,61,21832,142,21,6.59,0,0
Judgement,74215800,529680,27266,70,504,141,1,140.11,0,0
Deathgarden,74209500,1894680,56052,492,6719,141,3,39.17,0,0
Tom Clancy's Ghost Recon: Wildlands,73866600,14286960,5691,248,51045,140,27,5.17,0,0
Pokémon HeartGold/SoulSilver,73753740,2404140,13264,27,5386,140,4,30.68,0,0
Resident Evil HD Remaster,72697200,2652240,114710,41,6091,138,5,27.41,0,0
HITMAN,72564660,4344060,14876,48,20665,138,8,16.7,0,0
"Papers, Please",72527520,1001820,40920,23,6735,138,1,72.4,0,0
Ori and the Blind Forest,72340560,4817760,127380,54,13901,137,9,15.02,0,0
A Hat in Time,72054780,4275420,173228,182,11721,137,8,16.85,0,0
Warface,71510280,15049860,7190,243,46343,136,28,4.75,0,0
Neverwinter,71082240,9957660,14039,58,13632,135,18,7.14,0,0
WWE 2K18,71007600,9082380,18240,79,14760,135,17,7.82,0,0
Board Games Live,70450320,478500,42029,17,684,134,0,147.23,0,0
Outlast 2,70096680,4400820,31177,146,22441,133,8,15.93,0,0
SOMA,69715440,4428780,13225,135,18149,132,8,15.74,0,0
Metal Gear Survive,69480240,4433820,44890,331,8913,132,8,15.67,0,0
Dead Space,68998740,3692880,20112,63,13331,131,7,18.68,0,0
Cuisine Royale,68851140,2840700,58647,126,15407,131,5,24.24,0,0
Rise of the Tomb Raider,68722680,9791700,120955,91,28074,130,18,7.02,0,0
Yu-Gi-Oh! Forbidden Memories,68682660,1304340,6665,78,933,130,2,52.66,0,0
The Evil Within 2,68366580,4149420,19248,35,15751,130,7,16.48,0,0
Metal Gear Solid V: The Phantom Pain,68321220,8310540,9967,67,22290,130,15,8.22,0,0
Star Wars: The Old Republic,68281080,10250460,2308,68,10004,129,19,6.66,0,0
Monster Hunter Generations Ultimate,67727340,4268160,12209,155,3257,128,8,15.87,0,0
Gran Turismo Sport,67171620,2496840,8236,28,3972,127,4,26.9,0,0
Xenoblade Chronicles 2,67145100,3907560,13177,55,3858,127,7,17.18,0,0
Fallout 3,66575820,4287480,16687,38,9729,126,8,15.53,0,0
Makers & Crafting,66344400,4278600,11069,76,6341,126,8,15.51,0,0
Final Fantasy IV,66155580,2519820,178777,81,1825,125,4,26.25,0,0
Princess Connect! Re: Dive,65762580,1195800,9650,33,937,125,2,54.99,0,0
Grand Theft Auto: Vice City,65401260,1879140,11066,17,5270,124,3,34.8,0,0
Eco,65173380,3039120,28790,81,4909,124,5,21.44,0,0
Insurgency: Sandstorm,65084640,3223740,46465,120,10405,123,6,20.19,0,0
My Time at Portia,64815840,3052920,39729,69,5421,123,5,21.23,0,0
Gang Beasts,64740300,2638920,36118,39,21440,123,5,24.53,0,0
Rules of Survival,63962220,11596980,19127,82,27778,121,22,5.52,0,0
WWE 2K19,63583260,4451220,33453,228,8463,120,8,14.28,0,0
Worlds Adrift,63320160,2640540,31664,53,3187,120,5,23.98,0,0
The Legend of Zelda,63182280,2350320,132544,42,2539,120,4,26.88,0,0
Business Tour,62998320,2324580,20759,41,16451,119,4,27.1,0,0
Pro Evolution Soccer 2019,62583480,3985740,26019,158,7356,119,7,15.7,0,0
Modern Warfare 2,61946100,5472480,22894,247,26047,117,10,11.32,0,0
Resident Evil 3: Nemesis,61784760,1432320,125375,21,2295,117,2,43.14,0,0
Squad,61500240,7481220,5954,97,14467,117,14,8.22,0,0
Little Nightmares,61499580,2933820,27187,68,13914,117,5,20.96,0,0
Grand Theft Auto IV,61353960,1646400,20455,17,5049,116,3,37.27,0,0
Green Hell,61222380,1106940,32746,50,3390,116,2,55.31,0,0
Fire Emblem Mobile,60710700,1474380,2854,40,1413,115,2,41.18,0,0
Witch It,60504840,454620,46904,23,2629,115,0,133.09,0,0
Death's Gambit,60146100,1240680,36456,202,3827,114,2,48.48,0,0
Destiny,60095400,12269820,17868,107,31781,114,23,4.9,0,0
GeoGuessr,60069180,852720,26129,13,3428,114,1,70.44,0,0
Pokémon Black/White Version 2,59617560,643440,158081,15,1746,113,1,92.65,0,0
Pokémon Trading Card Game Online,59492340,4282440,13027,29,6278,113,8,13.89,0,0
Kantai Collection,59389800,4501320,6495,75,1750,113,8,13.19,0,0
Kenshi,59099760,1621200,19404,41,1999,112,3,36.45,0,0
Pokémon Emerald,58951080,2877480,6871,26,6547,112,5,20.49,0,0
Yakuza Kiwami,58609440,2788800,15575,58,6956,111,5,21.02,0,0
PC Building Simulator,58512960,2007480,45622,110,8623,111,3,29.15,0,0
Pokémon FireRed/LeafGreen,58211280,4196280,13846,73,9568,110,7,13.87,0,0
Northgard,58155900,2464260,28378,43,6651,110,4,23.6,0,0
Life Is Strange 2,57599880,1377000,49183,359,6829,109,2,41.83,0,0
Blood Bowl 2,57372660,3164880,3451,27,2428,109,6,18.13,0,0
Killing Floor 2,57358800,11622660,24378,86,35515,109,22,4.94,0,0
Final Fantasy IX,57290280,4383840,20547,28,5822,109,8,13.07,0,0
Heavy Rain,57249960,1686480,19826,62,10735,108,3,33.95,0,0
BioShock,57033120,4035240,25273,36,13568,108,7,14.13,0,0
Payday 2,56803740,11299920,13487,78,36176,108,21,5.03,0,0
Pokémon Red/Blue,56458380,2874360,10336,25,5025,107,5,19.64,0,0
Resident Evil,56378220,2575080,11957,29,8228,107,4,21.89,0,0
Dungeon Hunter Champions,56330280,1326060,21603,24,1012,107,2,42.48,0,0
Albion Online,55952340,3692880,4108,42,3542,106,7,15.15,0,0
We Were Here Too,55632540,967500,39122,47,4269,105,1,57.5,0,0
The Legend of Zelda: Skyward Sword,55570440,767040,107015,17,835,105,1,72.45,0,0
Ashen,55346520,918000,41773,76,3322,105,1,60.29,0,0
Donkey Kong Country: Tropical Freeze,55067940,911760,68273,74,2535,104,1,60.4,0,0
Grim Dawn,54746820,4514820,16975,37,5914,104,8,12.13,0,0
Life Is Strange: Before the Storm,54680940,4594740,17865,164,14097,104,8,11.9,0,0
Final Fantasy X/X-2 HD Remaster,54655200,8306340,5278,43,11125,103,15,6.58,0,0
NHL 19,54580440,3371160,6516,110,9936,103,6,16.19,0,0
Baldi's Basics in Education and Learning,54335640,327660,38533,15,2604,103,0,165.83,0,0
Tomb Raider,54052560,5732220,112845,41,16527,102,10,9.43,0,0
S.T.A.L.K.E.R.: Shadow of Chernobyl,54009540,2677440,18088,26,5594,102,5,20.17,0,0
Might & Magic: Elemental Guardians,53938260,1091040,4769,21,791,102,2,49.44,0,0
The Evil Within,53708400,4655580,8258,58,11265,102,8,11.54,0,0
skribbl.io,53708280,2042400,32865,30,16779,102,3,26.3,0,0
Battle Brothers,53371200,1370220,17619,27,1022,101,2,38.95,0,0
The Simpsons: Hit & Run,53045880,670980,125675,16,1466,100,1,79.06,0,0
Yakuza 6: The Song of Life,52860480,2342940,16564,207,4079,100,4,22.56,0,0
The Bard's Tale IV,52772640,340320,20574,57,516,100,0,155.07,0,0
Marvel vs. Capcom Infinite,52709340,686220,14383,15,3433,100,1,76.81,0,0
Just Dance 2019,52517760,456780,35704,22,1237,99,0,114.97,0,0
Crusader Kings II,52448280,2678640,8759,60,4317,99,5,19.58,0,0
DragonBall Z: Dokkan Battle,52446000,2845680,10834,51,2999,99,5,18.43,0,0
World War 3,52396980,2113320,26385,234,5780,99,4,24.79,0,0
Deep Rock Galactic,52376160,3002580,50328,97,9812,99,5,17.44,0,0
X4: Foundations,52273680,964860,19232,134,1315,99,1,54.18,0,0
Tower Unite,52020480,440940,26042,10,2112,98,0,117.98,0,0
Yakuza 3,51950400,363240,14737,50,320,98,0,143.02,0,0
Sid Meier's Civilization VI: Rise & Fall,51655260,1980240,16366,65,2600,98,3,26.09,0,0
Paper Mario,51296400,1244400,137379,42,1862,97,2,41.22,0,0
NHL 17,50826420,555660,716,8,1197,96,1,91.47,0,0
Black Survival,50730000,2240880,1367,21,1449,96,4,22.64,0,0
I Wanna Be The Guy,50595900,2433000,10978,19,1342,96,4,20.8,0,0
Metal Gear Solid,50394840,928320,149896,11,2159,95,1,54.29,0,0
60 Seconds!,50217600,441480,32289,13,3210,95,0,113.75,0,0
Epic Seven,49959360,1521780,2341,56,1290,95,2,32.83,0,0
For the King,49771380,2306280,30372,53,5685,94,4,21.58,0,0
Bully: Scholarship Edition,49690740,637260,23781,12,2387,94,1,77.98,0,0
Final Fantasy X,49555260,1252860,7904,20,2186,94,2,39.55,0,0
The Walking Dead,49233180,3388680,6159,39,9984,93,6,14.53,0,0
Trash,49169760,217860,10917,8,743,93,0,225.69,0,0
Clash of Clans,49167780,3616200,2281,24,5563,93,6,13.6,0,0
Final Fantasy VIII,49064160,2808540,14225,20,3261,93,5,17.47,0,0
NHL 18,49050060,3552300,27854,62,13526,93,6,13.81,0,0
Trials Fusion,48915780,2514120,31407,45,8206,93,4,19.46,0,0
Space Engineers,48847740,4913100,9940,49,7470,92,9,9.94,0,0
Amnesia: The Dark Descent,48823320,3189120,21101,133,16651,92,6,15.31,0,0
Call of Duty: Black Ops II,48133980,8786400,23562,51,25691,91,16,5.48,0,0
Cyberpunk 2077,48046200,67500,453069,226,515,91,0,711.8,0,0
PlanetSide 2,48038820,5984760,8588,46,10241,91,11,8.03,0,0
Miscreated,48030060,3930780,33519,111,6913,91,7,12.22,0,0
Pokémon Platinum,47922360,1511640,16187,16,3541,91,2,31.7,0,0
Town of Salem,47690760,3394500,44307,30,13409,90,6,14.05,0,0
Domina,47360340,655800,21706,11,2582,90,1,72.22,0,0
CrossCode,47322480,1424520,23714,54,2538,90,2,33.22,0,0
IRONSIGHT,47281740,7234140,33841,93,21820,89,13,6.54,0,0
Banjo-Kazooie,47024580,1811520,4326,22,3130,89,3,25.96,0,0
Borderlands: The Pre-Sequel!,46975680,2268780,105766,20,7714,89,4,20.71,0,0
XCOM 2,46892400,5162460,8938,88,12335,89,9,9.08,0,0
Pokémon Crystal,46529460,1870440,20491,24,3203,88,3,24.88,0,0
Naruto to Boruto: Shinobi Striker,46353720,5739360,14073,406,14496,88,10,8.08,0,0
Geometry Dash,46344360,6942720,12828,44,16892,88,13,6.68,0,0
Identity V,46226760,2012100,28513,34,3239,87,3,22.97,0,0
The King of Fighters '98: The Slugfest,46168680,286380,8452,8,400,87,0,161.21,0,0
Titanfall 2,46128060,7248000,56345,51,32843,87,13,6.36,0,0
60 Parsecs!,45533460,178560,31960,27,955,86,0,255,0,0
Final Fantasy: Brave Exvius,45350520,2077200,3642,22,1220,86,3,21.83,0,0
Don't Starve,45234540,2694900,7199,40,8235,86,5,16.79,0,0
Chrono Trigger,45191220,2134020,19665,32,3558,85,4,21.18,0,0
The Messenger,45077460,1082880,11822,61,2421,85,2,41.63,0,0
EverQuest,45074520,5110560,1306,43,1976,85,9,8.82,0,0
Layers of Fear,44761560,3369180,17227,171,20000,85,6,13.29,0,0
Granblue Fantasy,44556000,3939300,2102,54,3437,84,7,11.31,0,0
Metro: Last Light,44502720,2195280,26250,24,7492,84,4,20.27,0,0
Wizard101,44375160,4978860,4441,36,6182,84,9,8.91,0,0
Metal Gear Solid 3: Snake Eater,44273700,569400,146322,11,1033,84,1,77.76,0,0
Point Blank,44272980,1322520,5926,16,3387,84,2,33.48,0,0
Sonic Adventure 2: Battle,44266500,1837320,157705,32,3292,84,3,24.09,0,0
ArcheAge,44047140,3972180,2318,123,4455,83,7,11.09,0,0
Metro 2033,43851900,2685240,13734,72,11931,83,5,16.33,0,0
The Lord of the Rings Online,43730280,2338620,31833,29,2080,83,4,18.7,0,0
Totally Accurate Battlegrounds,43318260,2072640,48676,272,17507,82,3,20.9,0,0
Azur Lane,43296060,2571000,7950,35,2337,82,4,16.84,0,0
XCOM: Enemy Within,43242540,1459500,4538,14,1717,82,2,29.63,0,0
South Park: The Fractured But Whole,43113120,2718000,26053,37,12517,82,5,15.86,0,0
Weed Shop 2,42773520,494640,29053,28,1031,81,0,86.47,0,0
The Council,42724260,713640,29687,45,2070,81,1,59.87,0,0
Monopoly Plus,42529920,1013040,34422,26,6218,80,1,41.98,0,0
F1 2017,42416640,2365920,16199,54,9997,80,4,17.93,0,0
Heroes of Hammerwatch,42349620,1447200,19016,37,2885,80,2,29.26,0,0
Poly Bridge,42204060,878820,9524,21,5031,80,1,48.02,0,0
Warcraft III: Reign of Chaos,42164640,951300,145075,17,2664,80,1,44.32,0,0
Penn And Teller's Smoke And Mirrors,42126780,14820,11026,3,32,80,0,2842.56,0,0
Super Mario World 2: Yoshi's Island,42023400,760860,145421,23,1832,79,1,55.23,0,0
Forza Motorsport 7,41907360,4793880,22216,40,11346,79,9,8.74,0,0
Ultimate Chicken Horse,41592540,970320,40242,18,6904,79,1,42.86,0,0
Secret of Mana,41406840,2786040,9936,407,6259,78,5,14.86,0,0
SpeedRunners,41389380,1100280,104100,19,7825,78,2,37.62,0,0
Crossout,41306040,8015400,4984,51,12878,78,15,5.15,0,0
Agony,41295420,996840,47635,342,4830,78,1,41.43,0,0
Dragalia Lost,41248080,1044240,6702,48,1240,78,1,39.5,0,0
Uncharted 4: A Thief's End,41082060,6853920,4995,41,16315,78,13,5.99,0,0
This War of Mine,41040240,1710000,9563,32,6512,78,3,24,0,0
Beyond: Two Souls,40876620,1617960,5103,35,13697,77,3,25.26,0,0
Forts,40864320,240180,42108,31,1251,77,0,170.14,0,0
Sword Art Online: Fatal Bullet,40667760,5364000,35909,585,12577,77,10,7.58,0,0
Extra Life,40643280,2061720,18933,1074,2333,77,3,19.71,0,0
Pokémon Trading Card Game,40564560,420240,10717,13,1192,77,0,96.53,0,0
The Walking Dead - The Final Season,40134660,1038840,21005,222,6649,76,1,38.63,0,0
Forza Horizon 3,39998220,7005120,29079,48,27885,76,13,5.71,0,0
Remothered: Tormented Fathers,39984480,734640,13316,32,3128,76,1,54.43,0,0
Beauty & Body Art,39941100,596340,52853,52,2415,76,1,66.98,0,0
This Is the Police 2,39812940,625620,19216,92,1703,75,1,63.64,0,0
Farm Together,39760860,1206720,37932,25,3341,75,2,32.95,0,0
One Piece Treasure Cruise,39673320,1249740,1401,16,854,75,2,31.75,0,0
Deltarune,39669900,1823580,22805,251,9335,75,3,21.75,0,0
L.A. Noire,39392880,2232360,12477,26,6442,74,4,17.65,0,0
Bethesda at E3,39342240,32460,388286,218,256,74,0,1212.02,0,0
Hot Lava,39292020,565920,42570,34,2723,74,1,69.43,0,0
GRIS,39240900,633420,37570,126,3148,74,1,61.95,0,0
Call of Duty: Ghosts,39234060,2968560,24695,80,11105,74,5,13.22,0,0
SCP Containment Breach,39144480,713160,32434,20,4748,74,1,54.89,0,0
Half-Life 2,39102480,2089500,9074,19,8131,74,3,18.71,0,0
Middle-earth: Shadow of War,39091860,4708680,18900,39,17960,74,8,8.3,0,0
Overcooked!,39090360,810720,34351,13,7929,74,1,48.22,0,0
Silent Hill 2,38933820,920520,49437,25,2068,74,1,42.3,0,0
The Witcher,38780520,2937600,5544,27,5880,73,5,13.2,0,0
Half-Life,38751180,1737060,125967,23,7450,73,3,22.31,0,0
Danganronpa 2: Goodbye Despair,38716260,1669980,6084,17,1786,73,3,23.18,0,0
Hades,38468640,419280,37737,40,1516,73,0,91.75,0,0
MapleStory M,38425560,1104420,18624,48,1401,73,2,34.79,0,0
Trove,38321100,6355260,5923,51,15026,72,12,6.03,0,0
GetAmped,38278620,270600,10209,7,506,72,0,141.46,0,0
Donkey Kong Country,38265420,914580,150151,15,3287,72,1,41.84,0,0
Ninja Gaiden Black,37945560,448980,156016,16,1037,72,0,84.52,0,0
Valkyria Chronicles 4,37911780,1981080,9735,136,2433,72,3,19.14,0,0
BioShock Infinite,37829040,3200220,15637,25,9686,71,6,11.82,0,0
Resident Evil 5,37519080,3514680,10961,31,12114,71,6,10.67,0,0
The Legend of Zelda: Majora's Mask 3D,37497120,287820,153067,11,395,71,0,130.28,0,0
Granny,37444260,230640,38386,9,1602,71,0,162.35,0,0
The Legend of Zelda: Twilight Princess HD,37298220,955980,23045,14,1276,70,1,39.02,0,0
Dying Light: Bad Blood,37250400,470640,41658,85,1926,70,0,79.15,0,0
God of War II,37250160,383580,24521,20,803,70,0,97.11,0,0
SpongeBob SquarePants: Battle for Bikini Bottom,37059540,859440,28228,12,1059,70,1,43.12,0,0
Aion,36758640,5241660,1660,45,3922,69,9,7.01,0,0
Banjo-Tooie,36741180,752160,104527,12,981,69,1,48.85,0,0
Unravel 2,36690600,423480,51982,90,2008,69,0,86.64,0,0
Danganronpa V3: Killing Harmony,36512280,1801860,7649,19,2206,69,3,20.26,0,0
Heroes of Might and Magic V: Tribes of the East,35959980,552300,13510,12,603,68,1,65.11,0,0
Hellblade,35813400,2881200,19358,37,13287,68,5,12.43,0,0
EarthBound,35746980,1583280,60553,19,2567,68,3,22.58,0,0
Super Mario Galaxy,35462700,823680,138156,17,1265,67,1,43.05,0,0
F1 2018,35416320,2154840,6979,111,7644,67,4,16.44,0,0
Welcome to the Game,35280540,290520,13698,9,1823,67,0,121.44,0,0
Project Zomboid,35277780,1437000,11987,19,3917,67,2,24.55,0,0
The Awesome Adventures of Captain Spirit,35270760,1405260,33924,343,12625,67,2,25.1,0,0
Late Shift,34991040,501240,26704,33,3440,66,0,69.81,0,0
APB Reloaded,34909740,4773300,1840,35,5218,66,9,7.31,0,0
Yu-Gi-Oh! TRADING CARD GAME,34710240,579840,7279,10,1220,66,1,59.86,0,0
Rock Band 4,34708200,6517620,9096,42,7085,66,12,5.33,0,0
Mafia II,34606380,1336500,12142,16,3897,65,2,25.89,0,0
Return of the Obra Dinn,34582440,337380,48512,21,1190,65,0,102.5,0,0
Sonic Mania,34539180,1673760,158183,131,8502,65,3,20.64,0,0
Go,34517280,1164060,16721,10,478,65,2,29.65,0,0
Vindictus,34356300,3436680,8790,28,2790,65,6,10,0,0
The Legend of Zelda: The Wind Waker,34337160,1942500,4663,22,3653,65,3,17.68,0,0
Bloons TD 5,34293840,414660,19944,11,2387,65,0,82.7,0,0
Virtual Reality,34271880,2105940,9416,17,3055,65,4,16.27,0,0
Kirby: Star Allies,34216560,1024020,24135,186,3402,65,1,33.41,0,0
Pro Evolution Soccer 2018,34162680,3396000,12469,31,8233,65,6,10.06,0,0
The Culling,34055880,964020,22784,60,4169,64,1,35.33,0,0
Wolfenstein II: The New Colossus,34015140,1874940,24954,23,9253,64,3,18.14,0,0
Earth Defense Forces 5,33419700,272220,15099,19,386,63,0,122.77,0,0
Metal Gear Solid 2: Sons of Liberty,33403500,585840,6733,9,968,63,1,57.02,0,0
Silent Hill,33272100,695940,120662,15,1734,63,1,47.81,0,0
Mass Effect,33254400,3279300,124983,31,6005,63,6,10.14,0,0
Street Fighter 30th Anniversary Collection,33232980,783720,24650,86,3561,63,1,42.4,0,0
Darkwood,33204420,1013460,14126,21,3166,63,1,32.76,0,0
surviv.io,33183840,3641040,9690,36,8439,63,6,9.11,0,0
ShellShock Live,33137400,2338380,43183,22,9167,63,4,14.17,0,0
Bloons TD 6,33110400,349440,14203,10,905,63,0,94.75,0,0
Street Fighter III: 3rd Strike,33046620,559320,25433,11,1102,62,1,59.08,0,0
Holdfast: Nations At War,33037740,734220,22411,13,2523,62,1,45,0,0
Hello Neighbor,32957280,958320,18897,17,6621,62,1,34.39,0,0
Zero Escape: Virtue's Last Reward,32932200,401760,5548,7,384,62,0,81.97,0,0
Moonlight Blade,32750400,2088420,11187,57,1423,62,3,15.68,0,0
Worms W.M.D,32709480,352620,22587,10,1879,62,0,92.76,0,0
Viscera Cleanup Detail,32627100,769740,26996,14,3900,62,1,42.39,0,0
Brawl Stars,32601900,1794720,8314,92,6441,62,3,18.17,0,0
Strange Brigade,32441940,825480,27741,115,2798,61,1,39.3,0,0
Fractured Lands,32340060,404220,48650,92,1151,61,0,80.01,0,0
Marble It Up!,32263800,96840,42256,12,465,61,0,333.17,0,0
Immortal: Unchained,32262660,385980,26724,39,1123,61,0,83.59,0,0
Donkey Kong Country 2: Diddy's Kong Quest,32259060,1019220,137177,13,1997,61,1,31.65,0,0
Borderlands,32146260,3038160,5725,25,7456,61,5,10.58,0,0
Mario Party 2,31943940,360900,57393,8,1257,60,0,88.51,0,0
Paper Mario: The Thousand-Year Door,31817820,1663800,13137,19,2613,60,3,19.12,0,0
Keep Talking and Nobody Explodes,31767180,1313460,25816,14,6401,60,2,24.19,0,0
Free Fire: Battlegrounds,31719000,6538380,9391,49,19570,60,12,4.85,0,0
Mobile Legends: Bang bang,31560540,4696140,11875,30,11503,60,8,6.72,0,0
Infliction,31531860,219480,29109,31,1144,59,0,143.67,0,0
Lineage 2: Revolution,31460820,2202780,25597,39,1940,59,4,14.28,0,0
Total War Saga: Thrones of Britannia,31321860,751980,18461,123,1620,59,1,41.65,0,0
Project CARS 2,31312380,3922920,12204,46,8657,59,7,7.98,0,0
Soulworker,31308300,4306560,7240,72,7624,59,8,7.27,0,0
Dishonored,31296420,2055720,148979,21,8276,59,3,15.22,0,0
Parkitect,31232580,309900,31132,20,928,59,0,100.78,0,0
Stick Fight: The Game,30976620,1638480,33073,27,17896,58,3,18.91,0,0
Vampire: The Masquerade - Bloodlines,30546660,1191780,8675,13,2059,58,2,25.63,0,0
Danganronpa: Trigger Happy Havoc,30537540,1942500,7759,22,2868,58,3,15.72,0,0
Slime Rancher,30327300,3094140,18647,68,13380,57,5,9.8,0,0
Paragon,30277080,4149120,53419,109,7217,57,7,7.3,0,0
Spyro the Dragon,30143400,882240,116816,17,2170,57,1,34.17,0,0
Starbound,30115980,3129840,19160,25,9348,57,5,9.62,0,0
Bus Simulator 18,30088140,586620,37341,86,1945,57,1,51.29,0,0
Super Monkey Ball 2,30016680,530580,116013,12,667,57,1,56.57,0,0
Metroid Prime 3: Corruption,29989380,118020,135785,13,167,57,0,254.1,0,0
Shenmue I & II,29964360,585000,10227,97,1120,57,1,51.22,0,0
Attack on Titan 2,29761140,1432320,35514,79,3885,56,2,20.78,0,0
DCS World,29730120,3210360,5803,37,2686,56,6,9.26,0,0
Mister Rogers' Neighborhood,29621820,35220,10315,5,38,56,0,841.05,0,0
Gartic,29595420,880920,16986,19,7052,56,1,33.6,0,0
Final Fantasy,29562600,1567920,10915,37,1489,56,2,18.85,0,0
Life is Feudal: MMO,29234760,2575560,4627,45,2104,55,4,11.35,0,0
The Witness,29201280,1481400,13110,31,5146,55,2,19.71,0,0
FAR: Lone Sails,29156940,382500,33860,57,2150,55,0,76.23,0,0
Devil May Cry HD Collection,28892700,2013120,16176,71,8142,54,3,14.35,0,0
Mario Kart Wii,28737000,2431680,6975,31,2048,54,4,11.82,0,0
Rocksmith 2014,28735260,3349200,11933,25,4439,54,6,8.58,0,0
Legion TD 2,28623360,1232880,23119,22,1657,54,2,23.22,0,0
Cookie Run: OvenBreak,28535220,76200,12119,3,254,54,0,374.48,0,0
Batman: The Enemy Within - The Telltale Series,28532760,844560,26352,33,2620,54,1,33.78,0,0
Need for Speed: Most Wanted (2005),28495020,957720,22644,13,3174,54,1,29.75,0,0
God's Basement,28491540,87240,30643,14,498,54,0,326.59,0,0
Quiplash,28426200,1277520,11468,29,7413,54,2,22.25,0,0
The Walking Dead: Season Two,28380660,1441980,5231,18,4024,54,2,19.68,0,0
Shenmue,28308000,1201920,25645,133,3203,53,2,23.55,0,0
WWE SuperCard,28166460,1518300,25317,23,1200,53,2,18.55,0,0
Puzzle & Dragons,27994020,1126320,1736,18,868,53,2,24.85,0,0
Grand Theft Auto III,27961680,984840,22895,14,2376,53,1,28.39,0,0
Donkey Kong 64,27934620,799440,23427,12,1121,53,1,34.94,0,0
Mario Party 4,27859980,324780,11989,8,1303,53,0,85.78,0,0
Mario & Luigi: Superstar Saga,27716940,210780,152732,10,464,52,0,131.5,0,0
Minion Masters,27686040,3202920,2262,74,6524,52,6,8.64,0,0
Kingdom Two Crowns,27678960,429900,10774,43,1208,52,0,64.38,0,0
Call of Duty: Black Ops,27601740,3780480,4798,28,15625,52,7,7.3,0,0
Mega Man X4,27549780,446400,137316,11,1269,52,0,61.72,0,0
Last Tide,27527520,494940,59571,82,1895,52,0,55.62,0,0
Pokémon Quest,27518400,796380,5689,67,2488,52,1,34.55,0,0
Game Development,27518100,2950920,25493,41,4055,52,5,9.33,0,0
Darksiders,27513180,2438760,21798,37,6182,52,4,11.28,0,0
Super Mario 3D World,27421140,348240,155659,10,1108,52,0,78.74,0,0
Exanima,27407220,256740,29705,15,822,52,0,106.75,0,0
Call of Duty: Modern Warfare Remastered,27385620,5536080,22059,44,25785,52,10,4.95,0,0
Home Sweet Home,27355920,593520,11460,19,2396,52,1,46.09,0,0
Prison Architect,27344220,1680660,10347,23,6462,52,3,16.27,0,0
Railway Empire,27330780,581460,22910,38,1355,52,1,47,0,0
Castlevania: Symphony of the Night,27325800,1132200,127334,30,2930,51,2,24.14,0,0
Realm of the Mad God,27294120,4118460,4637,32,6098,51,7,6.63,0,0
F-Zero GX,27242640,134100,161002,9,387,51,0,203.15,0,0
S.T.A.L.K.E.R.: Clear Sky,27232440,662280,16143,12,1715,51,1,41.12,0,0
Batman: Arkham Asylum,27206040,1315560,125021,15,4182,51,2,20.68,0,0
Super Meat Boy,27150180,948240,10261,32,6627,51,1,28.63,0,0
Let It Die,26982720,3619920,14333,44,6365,51,6,7.45,0,0
Mist Survival,26957940,985800,32268,55,2430,51,1,27.35,0,0
Mass Effect 3,26817420,2427120,3799,28,2825,51,4,11.05,0,0
Dead Space 2,26769600,1814700,4831,29,7834,50,3,14.75,0,0
Blackjack,26764680,388140,48575,8,855,50,0,68.96,0,0
Mega Man 2,26708280,728220,21450,13,1546,50,1,36.68,0,0
Worms Reloaded,26668740,112500,34629,6,580,50,0,237.06,0,0
Resident Evil 6,26576040,4105380,3506,30,11425,50,7,6.47,0,0
Mount Your Friends 3D: A Hard Man Is Good to Climb,26498220,100680,33620,13,686,50,0,263.19,0,0
Mario Party 3,26335260,354180,8980,17,960,50,0,74.36,0,0
The Legend of Zelda: Four Swords Adventures,26322240,111180,130420,13,249,50,0,236.75,0,0
Silent Hill 3,26307960,557700,17416,12,1082,50,1,47.17,0,0
Dead Space 3,26291940,1857780,18923,24,7244,50,3,14.15,0,0
S.T.A.L.K.E.R.: Call of Pripyat,26167500,2628000,9368,24,5270,49,5,9.96,0,0
Super Mario RPG: Legend of the Seven Stars,26097720,1072200,9010,16,2206,49,2,24.34,0,0
Battletoads,26023980,156960,148658,13,622,49,0,165.8,0,0
Mu Online,25944060,804240,1678,12,890,49,1,32.26,0,0
Bigfoot,25816140,208500,29820,11,1322,49,0,123.82,0,0
Lobotomy Corporation | Monster Management Simulation,25780800,906660,8795,18,1418,49,1,28.43,0,0
Ben and Ed: Blood Party,25722960,231720,30452,9,1389,48,0,111.01,0,0
Ghost of a Tale,25710960,844140,49826,51,2560,48,1,30.46,0,0
"999: 9 Hours, 9 Persons, 9 Doors",25708620,277080,12747,7,416,48,0,92.78,0,0
Resident Evil: Code: Veronica X,25694640,619440,8962,11,1847,48,1,41.48,0,0
Lineage M,25681320,1211700,7468,25,478,48,2,21.19,0,0
Dragon Age: Origins,25663440,3070740,4193,21,5006,48,5,8.36,0,0
Stranded Deep,25649460,599220,10467,10,2643,48,1,42.8,0,0
Iconoclasts,25645140,872280,114036,65,2645,48,1,29.4,0,0
Mario Party,25642800,306600,9027,9,928,48,0,83.64,0,0
Maelstrom,25621200,430200,38032,51,1154,48,0,59.56,0,0
Stationeers,25563720,1266360,7927,17,1181,48,2,20.19,0,0
Kingdom Hearts II,25500540,1330440,5898,18,2759,48,2,19.17,0,0
Bridge Constructor Portal,25464960,439740,30617,19,2117,48,0,57.91,0,0
Hyrule Warriors,25425060,1236600,6952,95,2265,48,2,20.56,0,0
La-Mulana 2,25392000,982200,4759,91,758,48,1,25.85,0,0
Empyrion: Galactic Survival,25362840,2991600,6689,38,2990,48,5,8.48,0,0
Diablo,25266540,733200,163460,10,1353,48,1,34.46,0,0
Fable Anniversary,25255920,1237920,11982,14,4014,48,2,20.4,0,0
Slap City,25242420,685320,61652,22,2890,48,1,36.83,0,0
The Legend of Zelda: Oracle of Seasons,25221060,348420,121147,14,455,47,0,72.39,0,0
Tales of Berseria,25167000,3204360,11257,25,5642,47,6,7.85,0,0
Worms Revolution,25051320,293520,46567,9,1751,47,0,85.35,0,0
Ōkami,25004040,3362640,18253,56,6499,47,6,7.44,0,0
Pokémon Go,25003560,1347420,7389,38,2712,47,2,18.56,0,0
Super Smash Bros. Brawl,24982440,887340,13098,23,3252,47,1,28.15,0,0
Breathedge,24920580,387060,23727,44,2166,47,0,64.38,0,0
The Room Three,24860760,275400,29236,32,969,47,0,90.27,0,0
Total War: ARENA,24846540,3362400,6642,54,4754,47,6,7.39,0,0
The Walking Dead: A New Frontier,24746280,1162440,7917,21,3675,47,2,21.29,0,0
Earthfall,24636720,600240,34510,64,3056,46,1,41.04,0,0
Fate Seeker,24152220,230640,10937,21,308,45,0,104.72,0,0
Call of Duty: Modern Warfare 3,24007620,2746020,27281,104,9488,45,5,8.74,0,0
Mafia,24000300,646740,6032,11,1422,45,1,37.11,0,0
We Need to Go Deeper,23985180,182340,42869,11,897,45,0,131.54,0,0
Rising Storm 2: Vietnam,23863380,1855560,7066,41,6769,45,3,12.86,0,0
Programming,23815800,3887880,2051,50,6591,45,7,6.13,0,0
The Elder Scrolls III: Morrowind,23729400,1889580,6100,19,3765,45,3,12.56,0,0
Mega Man X2,23722620,392580,122410,12,1119,45,0,60.43,0,0
Cyphers Online,23690460,1675200,1734,23,1268,45,3,14.14,0,0
Dark and Light,23680140,2070960,7117,29,2150,45,3,11.43,0,0
Totally Accurate Battle Simulator,23618700,306120,74419,242,3494,44,0,77.16,0,0
Dig Or Die,23609940,226800,29169,17,603,44,0,104.1,0,0
Duck Game,23600160,784020,37402,14,5576,44,1,30.1,0,0
King's Raid,23578980,1609440,2053,15,1180,44,3,14.65,0,0
Knives Out,23572560,2390880,8311,31,4848,44,4,9.86,0,0
God of War Collection,23564700,460800,9432,13,801,44,0,51.14,0,0
Mega Man,23536560,815280,10956,11,1619,44,1,28.87,0,0
The Sims 3,23522460,1656780,5395,17,5355,44,3,14.2,0,0
Pokémon Gold/Silver,23519280,817740,4714,13,2019,44,1,28.76,0,0
Final Fantasy Tactics,23492220,682080,3789,10,789,44,1,34.44,0,0
Darksiders II,23474340,3079560,5908,43,8083,44,5,7.62,0,0
Bloodborne: The Old Hunters,23453880,361320,13551,13,2587,44,0,64.91,0,0
XCOM: Enemy Unknown,23438280,607020,7595,12,1578,44,1,38.61,0,0
Rusty Lake Paradise,23425380,265200,12456,18,1039,44,0,88.33,0,0
Heroes of Might and Magic V,23394180,474780,8567,8,772,44,0,49.27,0,0
Burnout Paradise,23323200,667260,99995,53,3807,44,1,34.95,0,0
Fallout 2,23245740,822240,9480,10,1336,44,1,28.27,0,0
Just Dance 2017,23186880,241920,36710,5,1069,44,0,95.85,0,0
Armello,23129220,893280,8990,10,2716,44,1,25.89,0,0
Super Mario Bros.,23089080,1291620,137762,29,2709,43,2,17.88,0,0
Owlboy,23066700,577800,124483,14,2254,43,1,39.92,0,0
Ultima Online,23004120,2054220,1598,15,867,43,3,11.2,0,0
The Red Strings Club,22993920,325140,28221,12,1419,43,0,70.72,0,0
Pizza Connection 3,22950360,195300,35335,65,764,43,0,117.51,0,0
Casino!,22948260,98400,1204,3,144,43,0,233.21,0,0
Ys VIII: Lacrimosa of Dana,22941660,854280,7926,15,1376,43,1,26.85,0,0
Persona 4 Golden,22922400,650760,1590,9,546,43,1,35.22,0,0
Silent Hill 4: The Room,22903800,405720,4737,7,622,43,0,56.45,0,0
Monopoly,22795620,328080,21527,9,2184,43,0,69.48,0,0
Toontown Online,22762140,1999380,3069,51,3303,43,3,11.38,0,0
GoldenEye 007,22682640,1104780,23334,14,1144,43,2,20.53,0,0
Duelyst,22625160,932940,729,15,951,43,1,24.25,0,0
Mario + Rabbids Kingdom Battle,22522320,650580,10296,22,1582,42,1,34.62,0,0
Gothic II: Night of the Raven,22522080,1354800,1913,15,961,42,2,16.62,0,0
Yakuza 5,22519740,246600,3930,9,154,42,0,91.32,0,0
BBO2 Online,22511700,296940,2830,6,184,42,0,75.81,0,0
Party Panic,22479540,115440,29258,7,744,42,0,194.73,0,0
Katamari Damacy,22292280,352260,25930,50,1838,42,0,63.28,0,0
Fear the Wolves,22166940,450000,50132,70,2405,42,0,49.26,0,0
Total War: WARHAMMER,22074900,808920,18902,12,2315,42,1,27.29,0,0
Desolate,22020780,882180,37986,68,3558,41,1,24.96,0,0
CABAL Online,22000200,2135160,976,19,1394,41,4,10.3,0,0
Doom II: Hell on Earth,21986520,1505040,9792,15,2891,41,2,14.61,0,0
Beholder,21784740,459480,12503,14,2293,41,0,47.41,0,0
Jikkyou Powerful Pro Yakyuu 2018,21767460,213060,7703,13,156,41,0,102.17,0,0
The Legend of Zelda: Twilight Princess,21764460,1282020,2686,13,2141,41,2,16.98,0,0
Metal Gear Solid 4: Guns of the Patriots,21656940,422880,2677,7,448,41,0,51.21,0,0
Foxhole,21605280,1260060,8271,26,1856,41,2,17.15,0,0
Donut County,21590880,244140,23705,49,1818,41,0,88.44,0,0
Sonic Advance 3,21552420,21840,148483,12,88,41,0,986.83,0,0
Roll20 Virtual Tabletop,21528480,1881000,15935,24,1761,40,3,11.45,0,0
The Swords of Ditto,21480360,641940,25631,120,2536,40,1,33.46,0,0
Halo 2,21478560,639660,113571,15,1870,40,1,33.58,0,0
Night in the Woods,21444060,1037100,10235,15,3310,40,1,20.68,0,0
Pokkén Tournament,21385920,945840,33926,19,1665,40,1,22.61,0,0
BombTag,21339360,181920,40643,11,1593,40,0,117.3,0,0
Bayonetta,21307140,1885080,32549,49,6279,40,3,11.3,0,0
Heroes & Generals,21278940,3520920,3238,28,7557,40,6,6.04,0,0
Dissidia: Final Fantasy Opera Omnia,21232440,1160040,2251,17,867,40,2,18.3,0,0
Star Trek Online,21214680,3168180,1632,45,3833,40,6,6.7,0,0
Murderous Pursuits,21123240,299340,40074,33,2091,40,0,70.57,0,0
The King of Fighters XIV,21099960,665400,13993,17,1628,40,1,31.71,0,0
Under Night In-Birth Exe:Late[st],21036780,941100,14802,52,2691,40,1,22.35,0,0
Dragon's Dogma: Dark Arisen,21012480,3672780,3672,28,7304,39,6,5.72,0,0
Protocol,20787660,52140,25854,10,187,39,0,398.69,0,0
Cube Escape: Paradox,20700300,172860,29101,17,857,39,0,119.75,0,0
Need for Speed Payback,20683680,3682680,4592,43,12700,39,7,5.62,0,0
Final Fantasy XII: The Zodiac Age,20658060,2894520,4999,87,6840,39,5,7.14,0,0
Dragon Age: Inquisition,20548560,5354520,2546,34,10633,39,10,3.84,0,0
Mass Effect 2,20542800,2853180,1168,21,3839,39,5,7.2,0,0
Spore,20501040,748800,14766,13,4368,39,1,27.38,0,0
Everybody's Golf,20482440,516180,14247,10,1774,38,0,39.68,0,0
BlazBlue: Central Fiction,20458320,848520,11490,14,3622,38,1,24.11,0,0
Lost In Vivo,20382720,62040,30917,11,375,38,0,328.54,0,0
Metroid: Zero Mission,20373540,533280,139138,14,949,38,1,38.2,0,0
Devil May Cry 4: Special Edition,20368200,2153100,14714,25,8450,38,4,9.46,0,0
Open Transport Tycoon Deluxe,20356320,192360,50281,9,475,38,0,105.82,0,0
Entropia Universe,20341560,2629440,1352,18,897,38,5,7.74,0,0
Naruto Shippuden: Ultimate Ninja Storm 4,20328780,3173280,28766,33,16179,38,6,6.41,0,0
Mabinogi,20241540,2413740,6669,37,1911,38,4,8.39,0,0
Twitch Sings,20176800,277620,20946,15,805,38,0,72.68,0,0
Inside,20161920,906480,14924,17,4916,38,1,22.24,0,0
Observer,20130720,1089720,6970,32,4918,38,2,18.47,0,0
Age of Empires III: The Asian Dynasties,20127180,1429140,983,14,1921,38,2,14.08,0,0
We Were Here,19978800,762480,32164,19,6635,38,1,26.2,0,0
Corruption,19883040,28620,12322,6,117,37,0,694.73,0,0
Dragon Warrior III,19868640,323880,128901,13,218,37,0,61.35,0,0
Bloodstained: Curse of the Moon,19861020,982620,10362,127,4060,37,1,20.21,0,0
Lisa,19853940,453060,7293,7,1398,37,0,43.82,0,0
Kingdom Hearts HD 1.5 + 2.5 Remix,19818120,1235820,4017,50,27644,37,2,16.04,0,0
Super Smash Bros.,19787880,703200,24837,51,2283,37,1,28.14,0,0
Call of Duty: Infinite Warfare,19781100,7497240,1432,53,28929,37,14,2.64,0,0
Final Fantasy V,19756380,1490940,3625,75,1393,37,2,13.25,0,0
The Witcher 2: Assassins of Kings,19733400,1792620,5929,18,3623,37,3,11.01,0,0
Shadow Tactics: Blades of the Shogun,19677180,705360,7815,14,2441,37,1,27.9,0,0
Move or Die,19596720,375540,28998,10,3345,37,0,52.18,0,0
Furi,19516020,1254780,12369,21,6834,37,2,15.55,0,0
Rayman,19485960,190500,110789,13,434,37,0,102.29,0,0
CardLife,19440720,278460,23117,26,1010,36,0,69.82,0,0
Zelda II: The Adventure of Link,19395120,1028160,8506,22,851,36,1,18.86,0,0
Dissidia Final Fantasy NT,19376160,3420660,8902,61,6233,36,6,5.66,0,0
Rivals of Aether,19371540,1417080,26800,27,3750,36,2,13.67,0,0
Independence Day,19318140,6120,17139,4,31,36,0,3156.56,0,0
Soul Worker,19292160,3329940,2676,47,3955,36,6,5.79,0,0
Closed Nightmare,19245240,61680,23582,28,132,36,0,312.02,0,0
BattleBlock Theater,19241160,883800,82839,15,6158,36,1,21.77,0,0
Mad Max,19097520,5713560,12380,140,19251,36,10,3.34,0,0
X-COM: UFO Defense,19089960,320940,14964,6,318,36,0,59.48,0,0
The Wolf Among Us,19080120,1282380,11756,14,4083,36,2,14.88,0,0
Phantom Doctrine,19075920,478680,10837,74,920,36,0,39.85,0,0
Not Tonight,19059420,198960,27338,20,811,36,0,95.8,0,0
OneShot,18969960,567300,18883,10,1961,36,1,33.44,0,0
The Swordsmen X,18954060,174780,21449,21,262,36,0,108.45,0,0
The Jackbox Party Pack 2,18927240,947940,22789,23,6561,36,1,19.97,0,0
Chuchel,18901380,144600,37133,16,987,35,0,130.71,0,0
Disgaea 5: Alliance of Vengeance,18889320,959580,112255,32,1658,35,1,19.68,0,0
Choice Chamber,18879480,598800,12778,10,3505,35,1,31.53,0,0
Book of Demons,18856260,402300,39327,42,1456,35,0,46.87,0,0
Old School Musical,18844920,157200,17067,16,731,35,0,119.88,0,0
Professor Layton and the Curious Village,18775200,133980,6877,6,298,35,0,140.13,0,0
JoJo's Bizarre Adventure,18671760,201300,6174,10,447,35,0,92.76,0,0
Far Cry 3,18542280,2023920,9297,29,6642,35,3,9.16,0,0
Leisure Suit Larry: Wet Dreams Don't Dry,18524280,174180,4364,33,470,35,0,106.35,0,0
Metal Gear Solid: The Twin Snakes,18454740,228420,132881,16,568,35,0,80.79,0,0
Descenders,18443520,208740,43300,24,957,35,0,88.36,0,0
Mega Man 3,18387720,249600,144933,24,719,34,0,73.67,0,0
Dragon Quest VIII: Journey of the Cursed King,18380940,528720,15864,8,493,34,1,34.76,0,0
Fist of the North Star,18334560,340740,18459,47,651,34,0,53.81,0,0
World of Warcraft: Battle for Azeroth,18314400,5462460,5800,1659,10942,34,10,3.35,0,0
Marvel Future Fight,18172200,533640,10144,9,478,34,1,34.05,0,0
Weird Dreams,18152940,6780,10744,3,35,34,0,2677.42,0,0
Fire Emblem: The Sacred Stones,18150420,385440,132578,11,801,34,0,47.09,0,0
Secret of Evermore,18116280,215880,117085,11,263,34,0,83.92,0,0
Pokémon Black/White,18105600,1037280,6546,15,2985,34,1,17.45,0,0
Resident Evil Zero,18105540,1063620,3510,13,3339,34,2,17.02,0,0
Super Monkey Ball,18101940,139980,148741,11,379,34,0,129.32,0,0
Super Punch-Out!!,18095640,75600,147152,4,464,34,0,239.36,0,0
Guts and Glory,18069180,278880,39458,13,1965,34,0,64.79,0,0
Super Mario Bros. 2,18062400,292560,7931,16,918,34,0,61.74,0,0
The Legend of Zelda: Ocarina of Time 3D,18053700,359100,27218,8,526,34,0,50.27,0,0
Football,18020580,195120,43799,12,778,34,0,92.36,0,0
Bio Inc. Redemption,18002640,105360,31723,9,474,34,0,170.87,0,0
Lethal League Blaze,17989860,352920,30980,69,1753,34,0,50.97,0,0
Simulacra,17981640,310620,20092,12,1239,34,0,57.89,0,0
Turmoil,17959080,262380,10789,9,1152,34,0,68.45,0,0
Black Desert Mobile,17875320,954780,4105,35,587,34,1,18.72,0,0
The Legend of Zelda: A Link Between Worlds,17729340,217560,52541,6,319,33,0,81.49,0,0
The Long Reach,17700780,664080,5639,13,277,33,1,26.65,0,0
Superman,17697300,24240,132672,9,112,33,0,730.09,0,0
Immortal Redneck,17691240,541740,6572,11,2194,33,1,32.66,0,0
Age of Mythology,17640840,1170660,16253,13,2275,33,2,15.07,0,0
Legends of Aria,17628600,968940,2718,54,820,33,1,18.19,0,0
Tetris,17625960,1491180,26953,15,4875,33,2,11.82,0,0
"Warhammer 40,000: Inquisitor Martyr",17608320,1317480,5287,71,2631,33,2,13.37,0,0
Pokémon Stadium 2,17604420,165240,24535,5,535,33,0,106.54,0,0
Depth,17593320,1165560,42224,23,4194,33,2,15.09,0,0
Supreme Commander: Forged Alliance,17544000,716040,7166,11,1051,33,1,24.5,0,0
TrackMania² Canyon,17529660,123840,60726,7,430,33,0,141.55,0,0
Dreadnought,17521680,1722660,7132,27,3325,33,3,10.17,0,0
Super Robot Wars X,17433420,1041960,2987,63,551,33,1,16.73,0,0
Fighting EX Layer,17404980,291120,10828,24,745,33,0,59.79,0,0
The Binding of Isaac: Rebirth,17377680,2699280,12991,22,14600,33,5,6.44,0,0
"Good Pizza, Great Pizza",17376420,60180,7877,6,353,33,0,288.74,0,0
Punch Club,17371080,270600,3741,5,1063,33,0,64.19,0,0
The Blackout Club,17307600,176100,30098,22,906,32,0,98.28,0,0
The iDOLM@STER Cinderella Girls: Starlight Stage,17289420,797160,4216,16,665,32,1,21.69,0,0
Shantae and the Pirate's Curse,17267160,340860,128422,13,897,32,0,50.66,0,0
Judgment: Apocalypse Survival Simulation,17248440,207900,25847,21,458,32,0,82.97,0,0
Rift,17149020,1271280,4272,58,1601,32,2,13.49,0,0
The Golf Club 2019 Featuring PGA Tour,17148120,369780,7011,21,616,32,0,46.37,0,0
Shovel Knight,17143860,1187220,7595,41,3939,32,2,14.44,0,0
Mario Party 7,17139300,261480,49578,9,1320,32,0,65.55,0,0
Bad North,17104380,190860,14090,15,925,32,0,89.62,0,0
The Isle,17037780,1407000,13061,20,1804,32,2,12.11,0,0
Mafia III,16994220,5660820,2743,178,21447,32,10,3,0,0
Uncharted: The Nathan Drake Collection,16986720,1235760,3132,17,7976,32,2,13.75,0,0
Cards Against Humanity,16982940,1804140,22786,34,12483,32,3,9.41,0,0
Luigi's Mansion,16939380,1230000,5002,72,2974,32,2,13.77,0,0
MU Legend,16935360,1979100,9231,32,3126,32,3,8.56,0,0
Prismata,16926300,456420,11027,12,628,32,0,37.08,0,0
Pokémon X/Y,16906440,342540,6213,7,658,32,0,49.36,0,0
Mafia LIVE!,16896240,104040,1868,5,130,32,0,162.4,0,0
Pokémon Yellow: Special Pikachu Edition,16879860,976260,1845,12,1857,32,1,17.29,0,0
Deus Ex,16844580,471120,111969,12,960,32,0,35.75,0,0
My Hero One's Justice,16823820,1131420,20171,145,2943,32,2,14.87,0,0
Tropico 5,16806600,770460,5814,10,2928,31,1,21.81,0,0
Portal,16802940,1355580,13052,16,8945,31,2,12.4,0,0
Assetto Corsa,16784040,3720240,5346,31,10394,31,7,4.51,0,0
Mass Effect: Andromeda,16784040,2709000,4281,24,9766,31,5,6.2,0,0
Batman: Arkham Knight,16771800,4109460,5004,31,12528,31,7,4.08,0,0
Closers Online,16754340,3759780,1001,37,4137,31,7,4.46,0,0
Salt and Sanctuary,16734060,1254240,6776,17,3885,31,2,13.34,0,0
Fallout,16725420,881160,10017,14,3026,31,1,18.98,0,0
STAY,16724280,75960,15028,8,292,31,0,220.17,0,0
Tales of Symphonia,16713360,1032360,11861,12,1576,31,1,16.19,0,0
Farmer's Dynasty,16682460,207180,24478,9,367,31,0,80.52,0,0
Super Mario Bros.: The Lost Levels,16608540,264420,63981,5,330,31,0,62.81,0,0
Ben and Ed,16604220,102840,26816,6,560,31,0,161.46,0,0
Angvik,16584480,411960,7580,22,1682,31,0,40.26,0,0
Star Wars: Jedi Knight - Jedi Academy,16567920,585300,153791,14,1855,31,1,28.31,0,0
Finding Paradise,16541760,352740,5111,16,1181,31,0,46.9,0,0
Elsword,16516980,2899740,2270,25,3649,31,5,5.7,0,0
Kingdom Hearts: Birth by Sleep,16482300,686700,130332,13,1490,31,1,24,0,0
RPG Maker,16450620,683340,3919,9,1406,31,1,24.07,0,0
Gold Rush: The Game,16364880,1112760,9905,24,2222,31,2,14.71,0,0
The Escapists 2,16358220,1014120,6093,16,5675,31,1,16.13,0,0
Saints Row: The Third,16340640,899280,28044,13,4075,31,1,18.17,0,0
The Jackbox Party Pack,16304160,798480,8349,22,5508,31,1,20.42,0,0
slither.io,16293900,412080,14908,9,3024,31,0,39.54,0,0
Catherine,16282020,347880,105840,14,748,30,0,46.8,0,0
Spyro 2: Ripto's Rage,16277580,700740,104999,13,1311,30,1,23.23,0,0
Steam,16254660,601440,5697,19,2725,30,1,27.03,0,0
Mario Party 6,16251120,241260,9964,6,1049,30,0,67.36,0,0
Killer Instinct,16241760,1332960,7802,15,3691,30,2,12.18,0,0
Game Dev Tycoon,16219500,552300,29563,11,3322,30,1,29.37,0,0
Hand of Fate 2,16210080,574800,29091,13,1825,30,1,28.2,0,0
Harry Potter and the Philosopher's Stone,16200240,376260,8761,7,1184,30,0,43.06,0,0
Home Run Derby VR,16174620,1500,120714,10,15,30,0,10783.08,0,0
BATMAN - The Telltale Series,16163820,961200,20677,21,3621,30,1,16.82,0,0
Axiom Verge,16151220,405960,137666,12,1209,30,0,39.79,0,0
Fútbol,16148160,223920,11691,20,578,30,0,72.12,0,0
Deliver Us The Moon,16141140,77100,32576,18,333,30,0,209.35,0,0
Digimon Story: Cyber Sleuth Hacker's Memory,16112340,869340,7036,77,2459,30,1,18.53,0,0
CrossFire,16092300,1631820,5471,14,3294,30,3,9.86,0,0
Kingdom Hearts HD II.8: Final Chapter Prologue,16049460,914640,12260,15,1945,30,1,17.55,0,0
"Football, Tactics & Glory",16031040,92940,12047,7,236,30,0,172.49,0,0
Conventions & Seminars,16001640,68880,15756,3,61,30,0,232.31,0,0
ELEX,15997380,1268340,10598,18,2500,30,2,12.61,0,0
Fire Emblem Fates,15959880,256260,3959,6,259,30,0,62.28,0,0
Chivalry: Medieval Warfare,15895200,768840,34566,14,4425,30,1,20.67,0,0
Far Cry 4,15849120,3300720,3670,52,11812,30,6,4.8,0,0
Alan Wake,15838920,1410420,5267,52,4290,30,2,11.23,0,0
Cry Of Fear,15837300,675900,8424,22,4508,30,1,23.43,0,0
Pinball,15800340,723660,8690,12,563,30,1,21.83,0,0
Mega Man Zero 3,15781800,59760,144947,9,119,30,0,264.09,0,0
MudRunner,15774660,2094120,4816,34,6997,30,3,7.53,0,0
Desert Bus,15718320,78660,8491,5,288,29,0,199.83,0,0
The Witch's House,15690420,167880,26237,17,887,29,0,93.46,0,0
Animal Crossing: New Leaf,15674400,634020,12565,10,720,29,1,24.72,0,0
Ratchet & Clank,15604800,966840,173332,33,12936,29,1,16.14,0,0
DJMAX Respect,15588840,1556640,6954,44,3703,29,2,10.01,0,0
Old Spice Games,15579060,4200,47320,6,17,29,0,3709.3,0,0
Final Fantasy XIII,15553920,1831980,4218,18,2768,29,3,8.49,0,0